<?xml version="1.0" encoding="UTF-8"?>
<project-private xmlns="http://www.netbeans.org/ns/project-private/1">
    <editor-bookmarks xmlns="http://www.netbeans.org/ns/editor-bookmarks/2" lastBookmarkId="0"/>
    <open-files xmlns="http://www.netbeans.org/ns/projectui-open-files/2">
        <group>
            <file>file:/E:/workplace/server/htdocs/Fakhrul/www.darbaarrestaurants.com/reservations.php</file>
            <file>file:/E:/workplace/server/htdocs/Fakhrul/www.darbaarrestaurants.com/lotus-bar.php</file>
            <file>file:/E:/workplace/server/htdocs/Fakhrul/www.darbaarrestaurants.com/index.php</file>
            <file>file:/E:/workplace/server/htdocs/Fakhrul/www.darbaarrestaurants.com/menus.php</file>
            <file>file:/E:/workplace/server/htdocs/Fakhrul/www.darbaarrestaurants.com/assets/css/main.css</file>
        </group>
    </open-files>
</project-private>
