{"markers":[{"latitude":57.7973333,"longitude":12.0502107,"title":"Location Title","content":"\r\n\t<p>Lorem ipsum dolor sit amet, consectetur adipisicing elit.<\/p><div class=\"widget widget-pinterest border-none\"><div class=\"mark\">\r\n\t\t\t<span class=\"caret caret-primary\"><\/span>\r\n\t\t\t<span class=\"text\">Rent<\/span>  \r\n\t\t<\/div><div class=\"widget-body padding-none\">\r\n\t\t\t<a href=\"realestate_property.html?lang=en&amp;v=v1.9.4-rc5\" class=\"thumb\" data-height=\"150px\"><img src=\"..\/assets\/images\/realestate\/photodune-3979102-superb-backyard-xs.jpg\" alt=\"\" class=\"img-responsive\"><\/a>\r\n\t\t\t<div class=\"description innerTB half padding-left-none padding-right-none border-bottom\">\r\n\t\t\t\t<div class=\"innerTB half\">\r\n\t\t\t\t\t<a href=\"realestate_property.html?lang=en&amp;v=v1.9.4-rc5\" class=\"btn btn-primary btn-circle pull-right\"><i class=\"fa fa-shopping-cart\"><\/i><\/a>\r\n\t\t\t\t\t<h5 class=\"text-uppercase\">Lorem ipsum dolor<\/h5>\r\n\t\t\t\t\t<span class=\"text-primary\">&euro;191,539.00<\/span>\r\n\t\t\t\t<\/div>\r\n\t\t\t<\/div>\r\n\t\t\t<div class=\"innerAll bg-gray border-bottom\">\r\n\t\t\t\t<i class=\"fa fa-fw icon-home-fill-1\"><\/i> Agency\r\n\t\t\t<\/div>\r\n\t\t\t<div class=\"innerAll text-center\">\r\n\t\t\t\t<a href=\"realestate_compare.html?lang=en&amp;v=v1.9.4-rc5\" class=\"btn btn-default\"><i class=\"fa fa-fw icon-scale-2\"><\/i> Compare<\/a>\r\n\t\t\t<\/div>\r\n\t\t<\/div><\/div>"},{"latitude":57.6989206895,"longitude":11.9833671799,"title":"Hotel Lorensberg AB","content":"\r\n\t<p>Lorem ipsum dolor sit amet, consectetur adipisicing elit.<\/p><div class=\"widget widget-pinterest border-none\"><div class=\"mark\">\r\n\t\t\t<span class=\"caret caret-primary\"><\/span>\r\n\t\t\t<span class=\"text\">Rent<\/span>  \r\n\t\t<\/div><div class=\"widget-body padding-none\">\r\n\t\t\t<a href=\"realestate_property.html?lang=en&amp;v=v1.9.4-rc5\" class=\"thumb\" data-height=\"150px\"><img src=\"..\/assets\/images\/realestate\/photodune-3979102-superb-backyard-xs.jpg\" alt=\"\" class=\"img-responsive\"><\/a>\r\n\t\t\t<div class=\"description innerTB half padding-left-none padding-right-none border-bottom\">\r\n\t\t\t\t<div class=\"innerTB half\">\r\n\t\t\t\t\t<a href=\"realestate_property.html?lang=en&amp;v=v1.9.4-rc5\" class=\"btn btn-primary btn-circle pull-right\"><i class=\"fa fa-shopping-cart\"><\/i><\/a>\r\n\t\t\t\t\t<h5 class=\"text-uppercase\">Lorem ipsum dolor<\/h5>\r\n\t\t\t\t\t<span class=\"text-primary\">&euro;11,913.00<\/span>\r\n\t\t\t\t<\/div>\r\n\t\t\t<\/div>\r\n\t\t\t<div class=\"innerAll bg-gray border-bottom\">\r\n\t\t\t\t<i class=\"fa fa-fw icon-home-fill-1\"><\/i> Agency\r\n\t\t\t<\/div>\r\n\t\t\t<div class=\"innerAll text-center\">\r\n\t\t\t\t<a href=\"realestate_compare.html?lang=en&amp;v=v1.9.4-rc5\" class=\"btn btn-default\"><i class=\"fa fa-fw icon-scale-2\"><\/i> Compare<\/a>\r\n\t\t\t<\/div>\r\n\t\t<\/div><\/div>"},{"latitude":57.697372706,"longitude":11.9878518333,"title":"Svenska Massan","content":"\r\n\t<p>Lorem ipsum dolor sit amet, consectetur adipisicing elit.<\/p><div class=\"widget widget-pinterest border-none\"><div class=\"mark\">\r\n\t\t\t<span class=\"caret caret-primary\"><\/span>\r\n\t\t\t<span class=\"text\">Rent<\/span>  \r\n\t\t<\/div><div class=\"widget-body padding-none\">\r\n\t\t\t<a href=\"realestate_property.html?lang=en&amp;v=v1.9.4-rc5\" class=\"thumb\" data-height=\"150px\"><img src=\"..\/assets\/images\/realestate\/photodune-3979102-superb-backyard-xs.jpg\" alt=\"\" class=\"img-responsive\"><\/a>\r\n\t\t\t<div class=\"description innerTB half padding-left-none padding-right-none border-bottom\">\r\n\t\t\t\t<div class=\"innerTB half\">\r\n\t\t\t\t\t<a href=\"realestate_property.html?lang=en&amp;v=v1.9.4-rc5\" class=\"btn btn-primary btn-circle pull-right\"><i class=\"fa fa-shopping-cart\"><\/i><\/a>\r\n\t\t\t\t\t<h5 class=\"text-uppercase\">Lorem ipsum dolor<\/h5>\r\n\t\t\t\t\t<span class=\"text-primary\">&euro;228,444.00<\/span>\r\n\t\t\t\t<\/div>\r\n\t\t\t<\/div>\r\n\t\t\t<div class=\"innerAll bg-gray border-bottom\">\r\n\t\t\t\t<i class=\"fa fa-fw icon-home-fill-1\"><\/i> Agency\r\n\t\t\t<\/div>\r\n\t\t\t<div class=\"innerAll text-center\">\r\n\t\t\t\t<a href=\"realestate_compare.html?lang=en&amp;v=v1.9.4-rc5\" class=\"btn btn-default\"><i class=\"fa fa-fw icon-scale-2\"><\/i> Compare<\/a>\r\n\t\t\t<\/div>\r\n\t\t<\/div><\/div>"},{"latitude":57.6986569637,"longitude":11.9779813042,"title":"Park Lane Restaurang AB","content":"\r\n\t<p>Lorem ipsum dolor sit amet, consectetur adipisicing elit.<\/p><div class=\"widget widget-pinterest border-none\"><div class=\"mark\">\r\n\t\t\t<span class=\"caret caret-primary\"><\/span>\r\n\t\t\t<span class=\"text\">Rent<\/span>  \r\n\t\t<\/div><div class=\"widget-body padding-none\">\r\n\t\t\t<a href=\"realestate_property.html?lang=en&amp;v=v1.9.4-rc5\" class=\"thumb\" data-height=\"150px\"><img src=\"..\/assets\/images\/realestate\/photodune-3979102-superb-backyard-xs.jpg\" alt=\"\" class=\"img-responsive\"><\/a>\r\n\t\t\t<div class=\"description innerTB half padding-left-none padding-right-none border-bottom\">\r\n\t\t\t\t<div class=\"innerTB half\">\r\n\t\t\t\t\t<a href=\"realestate_property.html?lang=en&amp;v=v1.9.4-rc5\" class=\"btn btn-primary btn-circle pull-right\"><i class=\"fa fa-shopping-cart\"><\/i><\/a>\r\n\t\t\t\t\t<h5 class=\"text-uppercase\">Lorem ipsum dolor<\/h5>\r\n\t\t\t\t\t<span class=\"text-primary\">&euro;59,601.00<\/span>\r\n\t\t\t\t<\/div>\r\n\t\t\t<\/div>\r\n\t\t\t<div class=\"innerAll bg-gray border-bottom\">\r\n\t\t\t\t<i class=\"fa fa-fw icon-home-fill-1\"><\/i> Agency\r\n\t\t\t<\/div>\r\n\t\t\t<div class=\"innerAll text-center\">\r\n\t\t\t\t<a href=\"realestate_compare.html?lang=en&amp;v=v1.9.4-rc5\" class=\"btn btn-default\"><i class=\"fa fa-fw icon-scale-2\"><\/i> Compare<\/a>\r\n\t\t\t<\/div>\r\n\t\t<\/div><\/div>"},{"latitude":57.6967305602,"longitude":11.9830238571,"title":"Restaurang Artisten","content":"\r\n\t<p>Lorem ipsum dolor sit amet, consectetur adipisicing elit.<\/p><div class=\"widget widget-pinterest border-none\"><div class=\"mark\">\r\n\t\t\t<span class=\"caret caret-primary\"><\/span>\r\n\t\t\t<span class=\"text\">Rent<\/span>  \r\n\t\t<\/div><div class=\"widget-body padding-none\">\r\n\t\t\t<a href=\"realestate_property.html?lang=en&amp;v=v1.9.4-rc5\" class=\"thumb\" data-height=\"150px\"><img src=\"..\/assets\/images\/realestate\/photodune-3979102-superb-backyard-xs.jpg\" alt=\"\" class=\"img-responsive\"><\/a>\r\n\t\t\t<div class=\"description innerTB half padding-left-none padding-right-none border-bottom\">\r\n\t\t\t\t<div class=\"innerTB half\">\r\n\t\t\t\t\t<a href=\"realestate_property.html?lang=en&amp;v=v1.9.4-rc5\" class=\"btn btn-primary btn-circle pull-right\"><i class=\"fa fa-shopping-cart\"><\/i><\/a>\r\n\t\t\t\t\t<h5 class=\"text-uppercase\">Lorem ipsum dolor<\/h5>\r\n\t\t\t\t\t<span class=\"text-primary\">&euro;63,902.00<\/span>\r\n\t\t\t\t<\/div>\r\n\t\t\t<\/div>\r\n\t\t\t<div class=\"innerAll bg-gray border-bottom\">\r\n\t\t\t\t<i class=\"fa fa-fw icon-home-fill-1\"><\/i> Agency\r\n\t\t\t<\/div>\r\n\t\t\t<div class=\"innerAll text-center\">\r\n\t\t\t\t<a href=\"realestate_compare.html?lang=en&amp;v=v1.9.4-rc5\" class=\"btn btn-default\"><i class=\"fa fa-fw icon-scale-2\"><\/i> Compare<\/a>\r\n\t\t\t<\/div>\r\n\t\t<\/div><\/div>"},{"latitude":57.6973497725,"longitude":11.9890749207,"title":"Hotel Gothia Towers","content":"\r\n\t<p>Lorem ipsum dolor sit amet, consectetur adipisicing elit.<\/p><div class=\"widget widget-pinterest border-none\"><div class=\"mark\">\r\n\t\t\t<span class=\"caret caret-primary\"><\/span>\r\n\t\t\t<span class=\"text\">Rent<\/span>  \r\n\t\t<\/div><div class=\"widget-body padding-none\">\r\n\t\t\t<a href=\"realestate_property.html?lang=en&amp;v=v1.9.4-rc5\" class=\"thumb\" data-height=\"150px\"><img src=\"..\/assets\/images\/realestate\/photodune-3979102-superb-backyard-xs.jpg\" alt=\"\" class=\"img-responsive\"><\/a>\r\n\t\t\t<div class=\"description innerTB half padding-left-none padding-right-none border-bottom\">\r\n\t\t\t\t<div class=\"innerTB half\">\r\n\t\t\t\t\t<a href=\"realestate_property.html?lang=en&amp;v=v1.9.4-rc5\" class=\"btn btn-primary btn-circle pull-right\"><i class=\"fa fa-shopping-cart\"><\/i><\/a>\r\n\t\t\t\t\t<h5 class=\"text-uppercase\">Lorem ipsum dolor<\/h5>\r\n\t\t\t\t\t<span class=\"text-primary\">&euro;145,514.00<\/span>\r\n\t\t\t\t<\/div>\r\n\t\t\t<\/div>\r\n\t\t\t<div class=\"innerAll bg-gray border-bottom\">\r\n\t\t\t\t<i class=\"fa fa-fw icon-home-fill-1\"><\/i> Agency\r\n\t\t\t<\/div>\r\n\t\t\t<div class=\"innerAll text-center\">\r\n\t\t\t\t<a href=\"realestate_compare.html?lang=en&amp;v=v1.9.4-rc5\" class=\"btn btn-default\"><i class=\"fa fa-fw icon-scale-2\"><\/i> Compare<\/a>\r\n\t\t\t<\/div>\r\n\t\t<\/div><\/div>"},{"latitude":57.7002048922,"longitude":11.9904696694,"title":"Valhalla Swimming Hall","content":"\r\n\t<p>Lorem ipsum dolor sit amet, consectetur adipisicing elit.<\/p><div class=\"widget widget-pinterest border-none\"><div class=\"mark\">\r\n\t\t\t<span class=\"caret caret-primary\"><\/span>\r\n\t\t\t<span class=\"text\">Rent<\/span>  \r\n\t\t<\/div><div class=\"widget-body padding-none\">\r\n\t\t\t<a href=\"realestate_property.html?lang=en&amp;v=v1.9.4-rc5\" class=\"thumb\" data-height=\"150px\"><img src=\"..\/assets\/images\/realestate\/photodune-3979102-superb-backyard-xs.jpg\" alt=\"\" class=\"img-responsive\"><\/a>\r\n\t\t\t<div class=\"description innerTB half padding-left-none padding-right-none border-bottom\">\r\n\t\t\t\t<div class=\"innerTB half\">\r\n\t\t\t\t\t<a href=\"realestate_property.html?lang=en&amp;v=v1.9.4-rc5\" class=\"btn btn-primary btn-circle pull-right\"><i class=\"fa fa-shopping-cart\"><\/i><\/a>\r\n\t\t\t\t\t<h5 class=\"text-uppercase\">Lorem ipsum dolor<\/h5>\r\n\t\t\t\t\t<span class=\"text-primary\">&euro;155,302.00<\/span>\r\n\t\t\t\t<\/div>\r\n\t\t\t<\/div>\r\n\t\t\t<div class=\"innerAll bg-gray border-bottom\">\r\n\t\t\t\t<i class=\"fa fa-fw icon-home-fill-1\"><\/i> Agency\r\n\t\t\t<\/div>\r\n\t\t\t<div class=\"innerAll text-center\">\r\n\t\t\t\t<a href=\"realestate_compare.html?lang=en&amp;v=v1.9.4-rc5\" class=\"btn btn-default\"><i class=\"fa fa-fw icon-scale-2\"><\/i> Compare<\/a>\r\n\t\t\t<\/div>\r\n\t\t<\/div><\/div>"}]}